<?xml version="1.0" encoding="ISO-8859-1"?>
<afc xmlns="http://www.mscsoftware.com/:vfc" xmlns:afc="http://www.mscsoftware.com/:afc">
     <afc:Bibliography>
          <File schema="afc" version="2.0.0.0" URI="mdids://SCG007C_R06/springs.tbl/spr70.xml" publicationDate="2020-05-27 14:34:09+02:00"/>
          <Revision version="17.0"/>
          <Corporation author="MSC.Software" URI="http://www.mscsoftware.com/"/>
          <Author user="Stefano.Rapisarda" name="-unknown name-"/>
          <Environment hostName="PE-NTBK-007" operatingSystem="MS Windows NT 6.2"/>
          <Application name="MSC/AFC" version="02.00.00"/>
     </afc:Bibliography>
     <afc:Units>
          <afc:UnitSetting name="angle" current="deg"/>
          <afc:UnitSetting name="current" current="ampere"/>
          <afc:UnitSetting name="force" current="newton"/>
          <afc:UnitSetting name="length" current="mm"/>
          <afc:UnitSetting name="luminosity" current="candela"/>
          <afc:UnitSetting name="mass" current="kg"/>
          <afc:UnitSetting name="quantity" current="mole"/>
          <afc:UnitSetting name="solidAngle" current="steradian"/>
          <afc:UnitSetting name="temperature" current="kelvin"/>
          <afc:UnitSetting name="time" current="sec"/>
          <afc:UnitSetting name="frequency" current="Hz"/>
     </afc:Units>
     <SpringProperties name="spring" active="true" userDefined="false" diameter="1" coils="5" rate="70" freeLength="300" method="linear" independentAxis="deflection">
          <Spline name="spline_data" id="0" active="true" userDefined="false" interpolation_method="akima" yLabel="Spring Force" xUnit="length" yUnit="force" datablock="Spring Force">
            <![CDATA[
       -28.7392        -2873.92
       -19.4626        -1946.26
       -9.87556        -987.556
              0    2.13704e-005
        10.1281         1012.81
        20.4495         2044.95
        30.8662         3086.62
        41.2109         4121.09
        51.1838         5118.38
        60.1926         6019.26
]]>
          </Spline>
     </SpringProperties>
</afc>
