<?xml version="1.0" encoding="ISO-8859-1"?>
<afc xmlns="http://www.mscsoftware.com/:vfc" xmlns:afc="http://www.mscsoftware.com/:afc">
     <afc:Bibliography>
          <File schema="afc" version="2.0.0.0" URI="mdids://SCG007C_R06/dampers.tbl/DAMPER_FRONT_LMP_Bilinear_rearNew.xml" publicationDate="2020-05-27 14:34:09+02:00"/>
          <Revision version="17.0"/>
          <Corporation author="MSC.Software" URI="http://www.mscsoftware.com/"/>
          <Author user="Stefano.Rapisarda" name="-unknown name-"/>
          <Environment hostName="PE-NTBK-007" operatingSystem="MS Windows NT 6.2"/>
          <Application name="MSC/AFC" version="02.00.00"/>
     </afc:Bibliography>
     <afc:Units>
          <afc:UnitSetting name="angle" current="deg"/>
          <afc:UnitSetting name="current" current="ampere"/>
          <afc:UnitSetting name="force" current="newton"/>
          <afc:UnitSetting name="length" current="mm"/>
          <afc:UnitSetting name="luminosity" current="candela"/>
          <afc:UnitSetting name="mass" current="kg"/>
          <afc:UnitSetting name="quantity" current="mole"/>
          <afc:UnitSetting name="solidAngle" current="steradian"/>
          <afc:UnitSetting name="temperature" current="kelvin"/>
          <afc:UnitSetting name="time" current="sec"/>
          <afc:UnitSetting name="frequency" current="Hz"/>
     </afc:Units>
     <DamperProperties name="damper" active="true" userDefined="false" method="non_linear" upperDiameter="60" upperLength="50" lowerDiameter="300" lowerLength="300" rate="1" dampingMethod="non_linear" gasPreloadMethod="none" gasPreloadConstant="0">
          <Spline name="spline_data" id="0" active="true" userDefined="false" interpolation_method="akima" xLabel="Damper Velocity (positive in extension)" yLabel="Damper Force" xUnit="velocity" yUnit="force" datablock="Damper Force vs. Velocity">
            <![CDATA[
           -250            -705
           -150            -470
            -50            -235
              0               0
             50             235
            150             470
            250             705
]]>
               <Comment userDefined="false">
                 <![CDATA[]]>
               </Comment>
          </Spline>
          <Spline name="gasPreloadForceCurve" id="0" active="true" userDefined="false" interpolation_method="akima">
            <![CDATA[
         -50000               0
         -20000               0
              0               0
          20000               0
          50000               0
]]>
          </Spline>
     </DamperProperties>
</afc>
