<?xml version="1.0" encoding="ISO-8859-1"?>
<afc xmlns="http://www.mscsoftware.com/:vfc" xmlns:afc="http://www.mscsoftware.com/:afc">
     <afc:Bibliography>
          <File schema="afc" version="2.0.0.0" URI="mdids://SCG007C_R06/bumpstops.tbl/Rear_nonlin_6Hz_38mm_11400N.xml" publicationDate="2020-05-27 14:34:09+02:00"/>
          <Revision version="17.0"/>
          <Corporation author="MSC.Software" URI="http://www.mscsoftware.com/"/>
          <Author user="Stefano.Rapisarda" name="-unknown name-"/>
          <Environment hostName="PE-NTBK-007" operatingSystem="MS Windows NT 6.2"/>
          <Application name="MSC/AFC" version="02.00.00"/>
     </afc:Bibliography>
     <afc:Units>
          <afc:UnitSetting name="angle" current="deg"/>
          <afc:UnitSetting name="current" current="ampere"/>
          <afc:UnitSetting name="force" current="newton"/>
          <afc:UnitSetting name="length" current="mm"/>
          <afc:UnitSetting name="luminosity" current="candela"/>
          <afc:UnitSetting name="mass" current="kg"/>
          <afc:UnitSetting name="quantity" current="mole"/>
          <afc:UnitSetting name="solidAngle" current="steradian"/>
          <afc:UnitSetting name="temperature" current="kelvin"/>
          <afc:UnitSetting name="time" current="sec"/>
          <afc:UnitSetting name="frequency" current="Hz"/>
     </afc:Units>
     <BumpStopProperties name="bumpstop" active="true" userDefined="false" diameter="0" height="0" dampingMethod="linear" dampingRate="0" scaleFactor="1" linearRate="0" quadraticRate="0" cubicRate="0" method="polynomial">
          <BumpStopSpline name="spline_data" id="0" active="true" userDefined="false" interpolation_method="akima" xLabel="Compression" yLabel="Force" xUnit="length" yUnit="force" datablock="Bumpstop Force vs. Compression">
            <![CDATA[
              0               0
              1               0
              2               0
              3               0
              4               0
              5               0
              6               1
              7               2
              8               3
              9               6
             10               9
             11              15
             12              23
             13              33
             14              48
             15              67
             16              91
             17             122
             18             161
             19             210
             20             269
             21             341
             22             428
             23             531
             24             652
             25             795
             26             962
             27            1156
             28            1379
             29            1636
             30            1929
             31            2262
             32            2639
             33            3064
             34            3542
             35            4078
             36            4676
             37            5341
             38            6080
             39            6898
             40            7800
             41            8794
             42            9886
             43           11083
             44           12393
             45           13822
]]>
               <Comment userDefined="false">
                 <![CDATA[]]>
               </Comment>
          </BumpStopSpline>
          <BumpStopSpline name="damping_data" id="0" active="true" userDefined="false" interpolation_method="akima">
            <![CDATA[
         -50000               0
         -20000               0
              0               0
          20000               0
          50000               0
]]>
          </BumpStopSpline>
     </BumpStopProperties>
</afc>
