<?xml version="1.0" encoding="ISO-8859-1"?>
<afc xmlns="http://www.mscsoftware.com/:vfc" xmlns:afc="http://www.mscsoftware.com/:afc">
     <afc:Bibliography>
          <File schema="afc" version="2.0.0.0" URI="mdids://SCG007C_R06/bumpstops.tbl/SUSP_REAR_LMPH_V04_bumpstop.xml" publicationDate="2020-05-27 14:34:09+02:00"/>
          <Revision version="17.0"/>
          <Corporation author="MSC.Software" URI="http://www.mscsoftware.com/"/>
          <Author user="Stefano.Rapisarda" name="-unknown name-"/>
          <Environment hostName="PE-NTBK-007" operatingSystem="MS Windows NT 6.2"/>
          <Application name="MSC/AFC" version="02.00.00"/>
     </afc:Bibliography>
     <afc:Units>
          <afc:UnitSetting name="angle" current="deg"/>
          <afc:UnitSetting name="current" current="ampere"/>
          <afc:UnitSetting name="force" current="newton"/>
          <afc:UnitSetting name="length" current="mm"/>
          <afc:UnitSetting name="luminosity" current="candela"/>
          <afc:UnitSetting name="mass" current="kg"/>
          <afc:UnitSetting name="quantity" current="mole"/>
          <afc:UnitSetting name="solidAngle" current="steradian"/>
          <afc:UnitSetting name="temperature" current="kelvin"/>
          <afc:UnitSetting name="time" current="sec"/>
          <afc:UnitSetting name="frequency" current="Hz"/>
     </afc:Units>
     <BumpStopProperties name="bumpstop" active="true" userDefined="false" diameter="0" height="0" dampingMethod="linear" dampingRate="0" scaleFactor="1" linearRate="0" quadraticRate="0" cubicRate="0" method="polynomial">
          <BumpStopSpline name="spline_data" id="0" active="true" userDefined="false" interpolation_method="akima" xLabel="Compression" yLabel="Force" xUnit="length" yUnit="force" datablock="Bumpstop Force vs. Compression">
            <![CDATA[
              0               0
        5.20474               0
         10.371               0
        15.5013               0
        20.5955               0
        25.6504               0
        30.6583               0
        35.6054               0
]]>
          </BumpStopSpline>
          <BumpStopSpline name="damping_data" id="0" active="true" userDefined="false" interpolation_method="akima">
            <![CDATA[
         -50000               0
         -20000               0
              0               0
          20000               0
          50000               0
]]>
          </BumpStopSpline>
     </BumpStopProperties>
</afc>
