<?xml version="1.0" encoding="ISO-8859-1"?>
<afc xmlns="http://www.mscsoftware.com/:vfc" xmlns:afc="http://www.mscsoftware.com/:afc">
     <afc:Bibliography>
          <File schema="afc" version="2.0.0.0" URI="mdids://SCG007C_R06/springs.tbl/arb_front1.xml" publicationDate="2020-05-27 14:34:09+02:00"/>
          <Revision version="17.0"/>
          <Corporation author="MSC.Software" URI="http://www.mscsoftware.com/"/>
          <Author user="Stefano.Rapisarda" name="-unknown name-"/>
          <Environment hostName="PE-NTBK-007" operatingSystem="MS Windows NT 6.2"/>
          <Application name="MSC/AFC" version="02.00.00"/>
     </afc:Bibliography>
     <afc:Units>
          <afc:UnitSetting name="angle" current="deg"/>
          <afc:UnitSetting name="current" current="ampere"/>
          <afc:UnitSetting name="force" current="newton"/>
          <afc:UnitSetting name="length" current="mm"/>
          <afc:UnitSetting name="luminosity" current="candela"/>
          <afc:UnitSetting name="mass" current="kg"/>
          <afc:UnitSetting name="quantity" current="mole"/>
          <afc:UnitSetting name="solidAngle" current="steradian"/>
          <afc:UnitSetting name="temperature" current="kelvin"/>
          <afc:UnitSetting name="time" current="sec"/>
          <afc:UnitSetting name="frequency" current="Hz"/>
     </afc:Units>
     <AntiRollBarProperties name="ARB" active="true" userDefined="false" rate="1653.0" method="linear">
          <Spline name="spline_data" id="0" active="true" userDefined="false" interpolation_method="akima" xLabel="Anti Roll Bar Deformation" yLabel="Anti Roll Bar Torque" xUnit="angle" yUnit="torque" datablock="Anti Roll Bar Torque vs. Deformation">
            <![CDATA[
            -30        -1260000
       -23.3333         -980000
       -16.6667         -700000
            -10         -420000
       -3.33333         -140000
        3.33333          140000
             10          420000
        16.6667          700000
        23.3333          980000
             30         1260000
]]>
          </Spline>
     </AntiRollBarProperties>
</afc>
