<?xml version="1.0" encoding="ISO-8859-1"?>
<afc xmlns="http://www.mscsoftware.com/:vfc" xmlns:afc="http://www.mscsoftware.com/:afc">
     <afc:Bibliography>
          <File schema="afc" version="2.0.0.0" URI="mdids://SCG007C_R06/springs.tbl/SUSP_REAR_LMPH_V04_single_spring.xml" publicationDate="2020-05-27 14:34:09+02:00"/>
          <Revision version="17.0"/>
          <Corporation author="MSC.Software" URI="http://www.mscsoftware.com/"/>
          <Author user="Stefano.Rapisarda" name="-unknown name-"/>
          <Environment hostName="PE-NTBK-007" operatingSystem="MS Windows NT 6.2"/>
          <Application name="MSC/AFC" version="02.00.00"/>
     </afc:Bibliography>
     <afc:Units>
          <afc:UnitSetting name="angle" current="deg"/>
          <afc:UnitSetting name="current" current="ampere"/>
          <afc:UnitSetting name="force" current="newton"/>
          <afc:UnitSetting name="length" current="mm"/>
          <afc:UnitSetting name="luminosity" current="candela"/>
          <afc:UnitSetting name="mass" current="kg"/>
          <afc:UnitSetting name="quantity" current="mole"/>
          <afc:UnitSetting name="solidAngle" current="steradian"/>
          <afc:UnitSetting name="temperature" current="kelvin"/>
          <afc:UnitSetting name="time" current="sec"/>
          <afc:UnitSetting name="frequency" current="Hz"/>
     </afc:Units>
     <SpringProperties name="spring" active="true" userDefined="false" diameter="1" coils="5" rate="0" freeLength="183.329" method="linear" independentAxis="deflection">
          <Spline name="spline_data" id="0" active="true" userDefined="false" interpolation_method="akima" yLabel="Spring Force" xUnit="length" yUnit="force" datablock="Spring Force">
            <![CDATA[
        -10.069        -2819.33
        -4.7186        -1321.21
              0               0
        4.08447         1143.65
        7.52205         2106.17
        10.2879         2880.62
        12.3426         3455.92
        13.6273         3815.64
]]>
          </Spline>
     </SpringProperties>
</afc>
